{"cameraMode":{"drawMode":0,"name":"Shaded","section":"Shading Mode"},"sceneLighting":false,"audioPlay":false,"sceneViewState":{"m_AlwaysRefresh":false,"showFog":true,"showSkybox":false,"showFlares":true,"showImageEffects":true,"showParticleSystems":true,"showVisualEffectGraphs":true,"m_FxEnabled":true},"in2DMode":false,"pivot":{"x":0.8435490131378174,"y":-0.47474515438079836,"z":-0.06130480766296387},"rotation":{"x":-0.04109470918774605,"y":0.9335628151893616,"z":-0.3374056816101074,"w":-0.11370433121919632},"size":3.038189172744751,"orthographic":false}