{"cameraMode":{"drawMode":0,"name":"Shaded","section":"Shading Mode"},"sceneLighting":true,"audioPlay":false,"sceneViewState":{"m_AlwaysRefresh":false,"showFog":true,"showSkybox":true,"showFlares":true,"showImageEffects":true,"showParticleSystems":true,"showVisualEffectGraphs":true,"m_FxEnabled":true},"in2DMode":false,"pivot":{"x":6.340627670288086,"y":-8.194300651550293,"z":28.849323272705079},"rotation":{"x":-0.30544063448905947,"y":-0.05310141295194626,"z":0.016768312081694604,"w":-0.9509071707725525},"size":15.444655418395996,"orthographic":false}