{"cameraMode":{"drawMode":0,"name":"Shaded","section":"Shading Mode"},"sceneLighting":true,"audioPlay":false,"sceneViewState":{"m_AlwaysRefresh":false,"showFog":true,"showSkybox":true,"showFlares":true,"showImageEffects":true,"showParticleSystems":true,"showVisualEffectGraphs":true,"m_FxEnabled":true},"in2DMode":false,"pivot":{"x":-5.529383659362793,"y":-27.36162567138672,"z":44.71230697631836},"rotation":{"x":-0.27545472979545596,"y":0.058958981186151507,"z":-0.017461391165852548,"w":-0.9597363471984863},"size":27.831275939941408,"orthographic":false}