{"cameraMode":{"drawMode":0,"name":"Shaded","section":"Shading Mode"},"sceneLighting":false,"audioPlay":false,"sceneViewState":{"m_AlwaysRefresh":false,"showFog":true,"showSkybox":false,"showFlares":true,"showImageEffects":true,"showParticleSystems":true,"showVisualEffectGraphs":true,"m_FxEnabled":true},"in2DMode":false,"pivot":{"x":0.043203651905059817,"y":-0.0020071566104888918,"z":-0.003018781542778015},"rotation":{"x":-0.1695384383201599,"y":0.756871223449707,"z":-0.2161732167005539,"w":-0.5933408141136169},"size":0.8217591047286987,"orthographic":false}