{"cameraMode":{"drawMode":0,"name":"Shaded","section":"Shading Mode"},"sceneLighting":false,"audioPlay":false,"sceneViewState":{"m_AlwaysRefresh":false,"showFog":true,"showSkybox":false,"showFlares":true,"showImageEffects":true,"showParticleSystems":true,"showVisualEffectGraphs":true,"m_FxEnabled":true},"in2DMode":false,"pivot":{"x":1.8503419160842896,"y":-0.6589037179946899,"z":-2.583115339279175},"rotation":{"x":0.05784282088279724,"y":0.9403811693191528,"z":-0.20516721904277802,"w":0.26512378454208376},"size":3.840851068496704,"orthographic":false}