{"cameraMode":{"drawMode":0,"name":"Shaded","section":"Shading Mode"},"sceneLighting":true,"audioPlay":false,"sceneViewState":{"m_AlwaysRefresh":false,"showFog":true,"showSkybox":false,"showFlares":true,"showImageEffects":true,"showParticleSystems":true,"showVisualEffectGraphs":true,"m_FxEnabled":true},"in2DMode":false,"pivot":{"x":0.10415077209472656,"y":0.8954839706420898,"z":1.1749858856201172},"rotation":{"x":-0.08131115138530731,"y":-0.9157240390777588,"z":0.31666210293769839,"w":-0.23448079824447633},"size":5.402655601501465,"orthographic":false}