{"cameraMode":{"drawMode":0,"name":"Shaded","section":"Shading Mode"},"sceneLighting":false,"audioPlay":false,"sceneViewState":{"m_AlwaysRefresh":false,"showFog":true,"showSkybox":false,"showFlares":true,"showImageEffects":true,"showParticleSystems":true,"showVisualEffectGraphs":true,"m_FxEnabled":true},"in2DMode":false,"pivot":{"x":262.84588623046877,"y":93.767333984375,"z":354.466552734375},"rotation":{"x":-0.09717201441526413,"y":-0.021419158205389978,"z":0.0020906119607388975,"w":-0.9950595498085022},"size":222.69480895996095,"orthographic":false}