{"cameraMode":{"drawMode":0,"name":"Shaded","section":"Shading Mode"},"sceneLighting":false,"audioPlay":false,"sceneViewState":{"m_AlwaysRefresh":false,"showFog":true,"showSkybox":false,"showFlares":true,"showImageEffects":true,"showParticleSystems":true,"showVisualEffectGraphs":true,"m_FxEnabled":true},"in2DMode":false,"pivot":{"x":1.8518555164337159,"y":16.24315643310547,"z":-5.290768146514893},"rotation":{"x":-0.18438297510147096,"y":-0.021076833829283716,"z":0.0027234491426497699,"w":-0.9833231568336487},"size":22.078109741210939,"orthographic":false}