{"cameraMode":{"drawMode":0,"name":"Shaded","section":"Shading Mode"},"sceneLighting":false,"audioPlay":false,"sceneViewState":{"m_AlwaysRefresh":false,"showFog":true,"showSkybox":false,"showFlares":true,"showImageEffects":true,"showParticleSystems":true,"showVisualEffectGraphs":true,"m_FxEnabled":true},"in2DMode":false,"pivot":{"x":-0.5887405872344971,"y":0.9782177209854126,"z":0.30271151661872866},"rotation":{"x":-0.1480661928653717,"y":-0.7349859476089478,"z":0.16731896996498109,"w":-0.6408411264419556},"size":0.4257937967777252,"orthographic":false}