{"cameraMode":{"drawMode":0,"name":"Shaded","section":"Shading Mode"},"sceneLighting":false,"audioPlay":false,"sceneViewState":{"m_AlwaysRefresh":false,"showFog":true,"showSkybox":false,"showFlares":true,"showImageEffects":true,"showParticleSystems":true,"showVisualEffectGraphs":true,"m_FxEnabled":true},"in2DMode":false,"pivot":{"x":346.95477294921877,"y":309.04693603515627,"z":3.9938931465148927},"rotation":{"x":-0.2307008057832718,"y":0.6224998831748962,"z":-0.19916139543056489,"w":-0.7208825349807739},"size":0.7963805198669434,"orthographic":false}