{"cameraMode":{"drawMode":0,"name":"Shaded","section":"Shading Mode"},"sceneLighting":false,"audioPlay":false,"sceneViewState":{"m_AlwaysRefresh":false,"showFog":true,"showSkybox":false,"showFlares":true,"showImageEffects":true,"showParticleSystems":true,"showVisualEffectGraphs":true,"m_FxEnabled":true},"in2DMode":false,"pivot":{"x":-1.3799762725830079,"y":0.7970482110977173,"z":-0.9609987735748291},"rotation":{"x":0.23580214381217957,"y":0.32914644479751589,"z":-0.08522087335586548,"w":0.9104115962982178},"size":0.8660253882408142,"orthographic":false}