{"cameraMode":{"drawMode":0,"name":"Shaded","section":"Shading Mode"},"sceneLighting":false,"audioPlay":false,"sceneViewState":{"m_AlwaysRefresh":false,"showFog":true,"showSkybox":false,"showFlares":true,"showImageEffects":true,"showParticleSystems":true,"showVisualEffectGraphs":true,"m_FxEnabled":true},"in2DMode":false,"pivot":{"x":1.950899600982666,"y":2.6276021003723146,"z":3.7455859184265138},"rotation":{"x":-0.04109470918774605,"y":0.9335628151893616,"z":-0.3374056816101074,"w":-0.11370433121919632},"size":1.1275241374969483,"orthographic":false}